Country,Lag_-15,Lag_-14,Lag_-13,Lag_-12,Lag_-11,Lag_-10,Lag_-9,Lag_-8,Lag_-7,Lag_-6,Lag_-5,Lag_-4,Lag_-3,Lag_-2,Lag_-1,Lag_0,Lag_1,Lag_2,Lag_3,Lag_4,Lag_5,Lag_6,Lag_7,Lag_8,Lag_9,Lag_10,Lag_11,Lag_12,Lag_13,Lag_14,Lag_15
at,0.15625975486448646,0.12555255816661187,0.11210550379666616,0.13278661339765596,0.19344388162666723,0.26781178518122234,0.31777578760448244,0.35695478374985656,0.3444455964223865,0.3082565199884521,0.28769147526201566,0.2201592259738825,0.2170000108981407,0.2655281275030223,0.291765473984741,0.34375793479252603,0.31575012337463504,0.4952570162802793,0.6815896395315262,0.644041003533046,0.5753868192614485,0.47772480890105273,0.3768886218814346,0.2416674656768035,0.19818511865597951,0.246115133647078,0.3550385449072583,0.4383073590147048,0.4692264354575662,0.45609174840176175,0.46043295479118174
be,0.10153706435665041,0.09637441508514362,0.11796189182448245,0.16575957149392864,0.21473680703513368,0.27681046340985344,0.3216637778954966,0.3383047833155341,0.30649595733350127,0.30463091472172166,0.25803493912590586,0.21406011386540055,0.24003585669535082,0.2721644313005876,0.26551673615830024,0.21953999545045683,0.3538779067015882,0.49221253332730913,0.5979513184291295,0.5152723327557394,0.42971068180505095,0.31751903081987193,0.24500862673292315,0.2438382689492467,0.31332150600130526,0.342673025212952,0.44190694450814266,0.3971538374763239,0.28248656417564405,0.18270535173792554,0.09318222999743886
bg,0.09426812353075903,0.09778140661556893,0.10919509441926696,0.1313318598202322,0.15978287824779636,0.19743009416895738,0.24943096801696893,0.2875194741344461,0.32361245066976313,0.34387190805983653,0.31281040951203887,0.32867693398666287,0.2837938150473003,0.3156969921498718,0.3582658772883512,0.3803339869409584,0.37251103461284085,0.3726501701784594,0.3762458020550121,0.3550671627096038,0.41606508230436445,0.39840808482400003,0.359017185104013,0.28585037703088517,0.23357215051715635,0.22208682728013013,0.23778371225210926,0.26150391636199233,0.2726626117981005,0.2628124797034091,0.23772556049983906
cy,0.3301327376147177,0.39300187547115506,0.4134394067150914,0.406236326002328,0.37162470019802196,0.3198148211885518,0.2651199529332999,0.23117257411286393,0.23363530222130607,0.2318433076836198,0.23546896767905445,0.26184427310621256,0.3007021445266179,0.3142782489940641,0.2647984358932897,0.17216765462572314,0.35913357373706034,0.6137639585298569,0.7338286408553634,0.7121057287819529,0.631645263146543,0.5256667475429626,0.3978088557539891,0.2785120155498969,0.2124205317879286,0.19385810560171496,0.1926367264241762,0.2204838463268322,0.2589013579114779,0.260699628379546,0.2407301664421815
cz,0.11814093861111724,0.13476874874084416,0.1712353886835913,0.2399884512958783,0.289088847613106,0.31841806574978726,0.3579654701170729,0.36728774220319277,0.3579966158637301,0.33614412610238165,0.33387415774683876,0.2975032396278459,0.30728724985155126,0.3532625122987542,0.41976662939288384,0.5070714088626369,0.5927066279479821,0.584629574062206,0.574256117251776,0.44317272102378097,0.35365768051625496,0.3115894868867826,0.2731062888177665,0.26677364119361713,0.2693809096000323,0.284696518079231,0.32454402182234,0.3120165423456015,0.18386608707355648,0.11111726969599889,0.12663249092768644
dk,0.14047580820360617,0.14582413010511092,0.16356051169479185,0.17476189045852983,0.2150169674085533,0.2539174864335259,0.2830855760880299,0.2846968284912535,0.27239700458198557,0.32027090971633315,0.2759357994826457,0.22898181315697372,0.22026372957454726,0.26689710132178407,0.2981911682823221,0.4210282491746303,0.3293940093459733,0.5694490835027296,0.6512466147561315,0.6770253688946988,0.5862206702493331,0.4878111233648713,0.3945248887191263,0.27275322421827114,0.218447605982129,0.17054957144812108,0.18987287825995028,0.21939936556281703,0.2782192941003219,0.29793504756917033,0.2926428688557944
ee,0.08742308353109766,0.10425917093507758,0.16860547305848206,0.24648140698069418,0.3040646904050738,0.38141024459925144,0.44021049375672744,0.46519104993979965,0.4780998043691757,0.43938658124974445,0.3445897061444704,0.2692518928204345,0.22272940461920196,0.2542116875748757,0.2549961859570123,0.26932274650982607,0.476543986121345,0.7372970918564875,0.8416648471298648,0.8560051355413971,0.7549021447488538,0.6159774105953238,0.44077954697543426,0.25445500461291065,0.20031391012383698,0.2674087176894371,0.34198126995225275,0.37455488711570323,0.374507755227209,0.3440491953042965,0.2879169444316719
el,0.3014029535471331,0.3361084614959673,0.3673853279366474,0.366584018400371,0.3738663545621431,0.3632232405744172,0.35482397084121,0.3064185634324194,0.24052102639162637,0.23008494642682045,0.25700986090454764,0.29163402703824687,0.349488558383425,0.3911647806895207,0.3396292216155405,0.1879935177618919,0.4862794430487751,0.6420516333678448,0.6759175877986731,0.6710480574661076,0.7144920980772196,0.6280565263924888,0.5479831254489862,0.4636942785427762,0.3291901923580095,0.25226814083381355,0.16662372891168648,0.15531036150086794,0.2065236235626085,0.26369887292779143,0.33823851416519124
es,0.2719542335812717,0.2743761287137482,0.2696232149973931,0.2648697500078773,0.26764907229481,0.26342378932769467,0.24242916257486313,0.2372400902335822,0.2410390197554832,0.234669401767788,0.24790042821099276,0.29120006294310213,0.3476827215687318,0.3900291649954939,0.3714683472551772,0.30853761880221997,0.4859927092207298,0.5454398919149167,0.5481775670281511,0.5328638734511864,0.4088108803300463,0.33301359293722443,0.2725521677446545,0.2267218893746229,0.21857009325343732,0.24014668408923706,0.2649251287056258,0.28804214083032387,0.2931894442504929,0.286879166800129,0.25707687679480457
fi,0.09054070693005883,0.09746383216998167,0.11046928375708348,0.15141003854015023,0.18946089149064543,0.21110864467907078,0.2703441443502954,0.318960747175324,0.32022353845755724,0.3234120802355168,0.2805621224347365,0.23599937420484138,0.20053525561329308,0.2450943677892486,0.2809381073894937,0.3604402032349247,0.28636448540626097,0.5361254095879813,0.6581556366902136,0.6139767386857428,0.5018903835835936,0.36450160818757416,0.251781171180617,0.22203796893854888,0.3130591334054557,0.39252174114870364,0.4224734238400074,0.41584107299484235,0.2943658288881678,0.18621339559897243,0.10824586359963627
hu,0.1371637076401513,0.13322591048376678,0.12709679104417723,0.15241163625942838,0.17311864004588134,0.2003920059323379,0.2285890466347171,0.24260013159750146,0.2518776201845332,0.2714685361569073,0.2912590914544331,0.2774650165644322,0.2904684318532181,0.3270941065593816,0.35176687029519954,0.3688126011587359,0.3633742895524384,0.3387185355578914,0.3245930073441917,0.30622371919978947,0.30662999912706057,0.3207890892708517,0.2601896245504322,0.3159147730014591,0.2682360036595806,0.2118415477121804,0.2676054984973091,0.32763146489817196,0.26624377068688393,0.26459386185950506,0.1903393745751205
it,0.08977523754577126,0.13405284251444993,0.18390411737904802,0.22550470060205977,0.2767778245626657,0.3008292436402619,0.32195308662485606,0.34226461789909907,0.3067908707601485,0.26561987560814676,0.20169038572367018,0.2285861783914783,0.3080365960660568,0.3384346325685256,0.3101191387427046,0.11416200445978059,0.4538333635087258,0.5072751729930128,0.4995189492143977,0.4139161110856786,0.2754538978337734,0.23794975605329743,0.2246872343594547,0.22952271213958494,0.23836202559108777,0.2589225580639422,0.2955286382694427,0.2918263642166215,0.2742424510031882,0.250488424574017,0.20983976788031375
lv,0.21841717398112379,0.31589928018281077,0.4255878052784015,0.515833144765126,0.5785768967038221,0.6079762094992313,0.5993584155364721,0.5429231105184354,0.4688023595061527,0.3710703742563515,0.2638046516819589,0.2448332151172218,0.33161123462727615,0.41391162852084523,0.4241822522940932,0.28692939963196695,0.6573278773652745,0.8701867439894221,0.9637970766993075,0.8894200527367162,0.7599793189082786,0.6278915457501018,0.44686686534976355,0.2845715330319932,0.22314791965903136,0.27685416858139744,0.3767588715259208,0.42523240978527665,0.44781315190315224,0.4425654043960943,0.4051158339057013
nl,0.1094342108644852,0.13320530917875265,0.1796845722781359,0.2339446235854237,0.2845101204557638,0.31954650919934263,0.33392435691655203,0.34252553278299874,0.3358905466335987,0.3011380142948233,0.2743519667482524,0.24989491741919587,0.2571153935137224,0.3237293880792049,0.45093875793154947,0.5839629619684473,0.26268937660615815,0.36310273978075663,0.6409552178753285,0.7915843309651579,0.8049899935387423,0.7678634072784151,0.6951108492374081,0.5478696735060918,0.35122298082247205,0.21639749181105578,0.18938821104162412,0.27173088412247715,0.3513557087260666,0.38662038926888903,0.4117661282004662
pt,0.21418218587777962,0.2414848139372725,0.27698618561144295,0.2794922181745377,0.27350416653085785,0.2631942389333534,0.23887599670186394,0.2329046687484713,0.23765825433282442,0.2318630458176438,0.23917162579952342,0.26375763465637586,0.3599200689132216,0.33692694580005383,0.26578002932534156,0.21120169493336516,0.3959268596102306,0.5176618153420556,0.6000787194349394,0.5881891875030802,0.5081269753159431,0.40967265224666266,0.33094660906570883,0.2360184356386172,0.22255001211769224,0.24582487731064162,0.3125650251527,0.36760060330847066,0.3731658100278774,0.38885863813392957,0.40610864846423533
ro,0.11609736144313838,0.12038076256297525,0.1520755675379507,0.16245560957109353,0.16407131875997444,0.21665610321618203,0.3023029391532254,0.33761125164094297,0.2801865984526984,0.24935097537740347,0.29028709115706636,0.31587264281956473,0.2930186533284141,0.32465901138180414,0.3743149114510772,0.3169935231318289,0.42198050759901534,0.4451354168921196,0.47347376231923377,0.5032287553365329,0.4187188160161866,0.34558011799188665,0.26418493915387636,0.24148745937080196,0.2355695609321834,0.24285687030443354,0.2862455783313824,0.34469182775033075,0.3160407281374401,0.2927142747042047,0.2814124477917605
se,0.19853452694789248,0.16900974241112146,0.11744704582760766,0.14324949540202106,0.22965530346443774,0.2855942682200469,0.33135058071654444,0.35855657566904026,0.3842948202112147,0.38051223387969674,0.2905399053516657,0.27504026187496544,0.33277284884415864,0.42269462471311203,0.45802248925987454,0.3791255515601687,0.4839747733136355,0.4670300420223925,0.3664551017880908,0.28647561969036295,0.25851556847638046,0.28783427304804615,0.2865621426593109,0.33204837014861116,0.3265478653432967,0.30381211130559055,0.2959874463156418,0.2812596430245996,0.28452161672905407,0.31430734232640706,0.27930127898798496
si,0.22025510358738123,0.2270729462554311,0.22480113319760628,0.23013702874509298,0.23280291850244897,0.23636624700528233,0.24699548096962123,0.26273212580715327,0.264650643973391,0.26034973416743146,0.23613962702793084,0.213944177236312,0.2244480629761523,0.2550781830550812,0.25241998515542263,0.3390006123781131,0.401164185915775,0.5345375617247392,0.6321665015366682,0.6506187730210384,0.683915428208801,0.622584313236976,0.5330030430509346,0.38414944452613586,0.24412655710362063,0.18546939788651545,0.2272004217255616,0.22855430224132378,0.19429224643478293,0.1573388983893963,0.13879370120852424
sk,0.12018401286351202,0.15090089191305045,0.1707454392780948,0.1839447459613428,0.2058384957079359,0.23961780181564588,0.27739895844853496,0.2727566506753786,0.24561064265643143,0.24453183249673538,0.2340539043243048,0.24681434640731986,0.2628145073124429,0.2945685734430879,0.30891741403620154,0.30897689255824756,0.4150367368321937,0.5328479169694845,0.6421832945506317,0.5994204393564256,0.5174120701591095,0.41933361772697914,0.353238477043725,0.27446766093492725,0.2237857523892545,0.20617707624797696,0.19785563643477813,0.2132239210528584,0.19273864054097073,0.20584230404285392,0.14394099411646408
